--
-- PostgreSQL database dump
--

-- Dumped from database version 14.0
-- Dumped by pg_dump version 14.0

-- Started on 2022-05-20 15:43:33 -05

SET statement_timeout = 0;
SET lock_timeout = 0;
SET idle_in_transaction_session_timeout = 0;
SET client_encoding = 'UTF8';
SET standard_conforming_strings = on;
SELECT pg_catalog.set_config('search_path', '', false);
SET check_function_bodies = false;
SET xmloption = content;
SET client_min_messages = warning;
SET row_security = off;

--
-- TOC entry 3701 (class 1262 OID 16386)
-- Name: ucc_control; Type: DATABASE; Schema: -; Owner: postgres
--

CREATE DATABASE ucc_control WITH TEMPLATE = template0 ENCODING = 'UTF8' LOCALE = 'en_US.UTF-8';


ALTER DATABASE ucc_control OWNER TO postgres;

\connect ucc_control

SET statement_timeout = 0;
SET lock_timeout = 0;
SET idle_in_transaction_session_timeout = 0;
SET client_encoding = 'UTF8';
SET standard_conforming_strings = on;
SELECT pg_catalog.set_config('search_path', '', false);
SET check_function_bodies = false;
SET xmloption = content;
SET client_min_messages = warning;
SET row_security = off;

SET default_tablespace = '';

SET default_table_access_method = heap;

--
-- TOC entry 217 (class 1259 OID 16442)
-- Name: estudiantes; Type: TABLE; Schema: public; Owner: postgres
--

CREATE TABLE public.estudiantes (
    id integer NOT NULL,
    tipo_identificacion integer,
    num_identificacion integer,
    nombre character varying(100),
    apellido character varying(100),
    sexo_id integer,
    programa_id integer,
    facultad_id integer,
    id_carnet text,
    email text
);


ALTER TABLE public.estudiantes OWNER TO postgres;

--
-- TOC entry 232 (class 1259 OID 24608)
-- Name: estudiantes_id_seq; Type: SEQUENCE; Schema: public; Owner: postgres
--

ALTER TABLE public.estudiantes ALTER COLUMN id ADD GENERATED BY DEFAULT AS IDENTITY (
    SEQUENCE NAME public.estudiantes_id_seq
    START WITH 1
    INCREMENT BY 1
    NO MINVALUE
    NO MAXVALUE
    CACHE 1
);


--
-- TOC entry 218 (class 1259 OID 16467)
-- Name: eventos; Type: TABLE; Schema: public; Owner: postgres
--

CREATE TABLE public.eventos (
    id integer NOT NULL,
    tipo_evento integer,
    descripcion character varying(100),
    hora_inicio date DEFAULT CURRENT_TIMESTAMP,
    hora_fin date DEFAULT CURRENT_TIMESTAMP,
    dimension integer,
    horas_otorgadas integer
);


ALTER TABLE public.eventos OWNER TO postgres;

--
-- TOC entry 219 (class 1259 OID 16477)
-- Name: eventos_estudiante; Type: TABLE; Schema: public; Owner: postgres
--

CREATE TABLE public.eventos_estudiante (
    id integer NOT NULL,
    id_carnet integer,
    id_evento integer,
    id_estudiante integer,
    fecha_asistencia date
);


ALTER TABLE public.eventos_estudiante OWNER TO postgres;

--
-- TOC entry 233 (class 1259 OID 24609)
-- Name: eventos_estudiante_id_seq; Type: SEQUENCE; Schema: public; Owner: postgres
--

ALTER TABLE public.eventos_estudiante ALTER COLUMN id ADD GENERATED BY DEFAULT AS IDENTITY (
    SEQUENCE NAME public.eventos_estudiante_id_seq
    START WITH 1
    INCREMENT BY 1
    NO MINVALUE
    NO MAXVALUE
    CACHE 1
);


--
-- TOC entry 226 (class 1259 OID 24600)
-- Name: eventos_id_seq; Type: SEQUENCE; Schema: public; Owner: postgres
--

ALTER TABLE public.eventos ALTER COLUMN id ADD GENERATED BY DEFAULT AS IDENTITY (
    SEQUENCE NAME public.eventos_id_seq
    START WITH 1
    INCREMENT BY 1
    NO MINVALUE
    NO MAXVALUE
    CACHE 1
);


--
-- TOC entry 213 (class 1259 OID 16412)
-- Name: facultad; Type: TABLE; Schema: public; Owner: postgres
--

CREATE TABLE public.facultad (
    id integer NOT NULL,
    descripcion character varying(50)
);


ALTER TABLE public.facultad OWNER TO postgres;

--
-- TOC entry 229 (class 1259 OID 24605)
-- Name: facultad_id_seq; Type: SEQUENCE; Schema: public; Owner: postgres
--

ALTER TABLE public.facultad ALTER COLUMN id ADD GENERATED BY DEFAULT AS IDENTITY (
    SEQUENCE NAME public.facultad_id_seq
    START WITH 1
    INCREMENT BY 1
    NO MINVALUE
    NO MAXVALUE
    CACHE 1
);


--
-- TOC entry 212 (class 1259 OID 16407)
-- Name: jornada; Type: TABLE; Schema: public; Owner: postgres
--

CREATE TABLE public.jornada (
    id integer NOT NULL,
    descripcion character varying(50)
);


ALTER TABLE public.jornada OWNER TO postgres;

--
-- TOC entry 231 (class 1259 OID 24607)
-- Name: jornada_id_seq; Type: SEQUENCE; Schema: public; Owner: postgres
--

ALTER TABLE public.jornada ALTER COLUMN id ADD GENERATED BY DEFAULT AS IDENTITY (
    SEQUENCE NAME public.jornada_id_seq
    START WITH 1
    INCREMENT BY 1
    NO MINVALUE
    NO MAXVALUE
    CACHE 1
);


--
-- TOC entry 214 (class 1259 OID 16417)
-- Name: programas; Type: TABLE; Schema: public; Owner: postgres
--

CREATE TABLE public.programas (
    id integer NOT NULL,
    descripcion character varying(50),
    ciudad character varying(50),
    facultad_id integer,
    jornada_id integer
);


ALTER TABLE public.programas OWNER TO postgres;

--
-- TOC entry 230 (class 1259 OID 24606)
-- Name: programas_id_seq; Type: SEQUENCE; Schema: public; Owner: postgres
--

ALTER TABLE public.programas ALTER COLUMN id ADD GENERATED BY DEFAULT AS IDENTITY (
    SEQUENCE NAME public.programas_id_seq
    START WITH 1
    INCREMENT BY 1
    NO MINVALUE
    NO MAXVALUE
    CACHE 1
);


--
-- TOC entry 222 (class 1259 OID 24577)
-- Name: roles; Type: TABLE; Schema: public; Owner: postgres
--

CREATE TABLE public.roles (
    id integer NOT NULL,
    descripcion text
);


ALTER TABLE public.roles OWNER TO postgres;

--
-- TOC entry 221 (class 1259 OID 24576)
-- Name: roles_id_seq; Type: SEQUENCE; Schema: public; Owner: postgres
--

ALTER TABLE public.roles ALTER COLUMN id ADD GENERATED ALWAYS AS IDENTITY (
    SEQUENCE NAME public.roles_id_seq
    START WITH 1
    INCREMENT BY 1
    NO MINVALUE
    NO MAXVALUE
    CACHE 1
);


--
-- TOC entry 216 (class 1259 OID 16437)
-- Name: sexo; Type: TABLE; Schema: public; Owner: postgres
--

CREATE TABLE public.sexo (
    id integer NOT NULL,
    descripcion character varying(50)
);


ALTER TABLE public.sexo OWNER TO postgres;

--
-- TOC entry 228 (class 1259 OID 24604)
-- Name: sexo_id_seq; Type: SEQUENCE; Schema: public; Owner: postgres
--

ALTER TABLE public.sexo ALTER COLUMN id ADD GENERATED BY DEFAULT AS IDENTITY (
    SEQUENCE NAME public.sexo_id_seq
    START WITH 1
    INCREMENT BY 1
    NO MINVALUE
    NO MAXVALUE
    CACHE 1
);


--
-- TOC entry 210 (class 1259 OID 16392)
-- Name: subtipo; Type: TABLE; Schema: public; Owner: postgres
--

CREATE TABLE public.subtipo (
    id integer NOT NULL,
    descripcion character varying(50)
);


ALTER TABLE public.subtipo OWNER TO postgres;

--
-- TOC entry 211 (class 1259 OID 16397)
-- Name: tipo; Type: TABLE; Schema: public; Owner: postgres
--

CREATE TABLE public.tipo (
    id integer NOT NULL,
    descripcion character varying(50),
    subtipo_id integer
);


ALTER TABLE public.tipo OWNER TO postgres;

--
-- TOC entry 209 (class 1259 OID 16387)
-- Name: tipo_beneficiario; Type: TABLE; Schema: public; Owner: postgres
--

CREATE TABLE public.tipo_beneficiario (
    id integer NOT NULL,
    descripcion character varying(50)
);


ALTER TABLE public.tipo_beneficiario OWNER TO postgres;

--
-- TOC entry 225 (class 1259 OID 24593)
-- Name: tipo_evento; Type: TABLE; Schema: public; Owner: postgres
--

CREATE TABLE public.tipo_evento (
    id integer NOT NULL,
    descripcion text
);


ALTER TABLE public.tipo_evento OWNER TO postgres;

--
-- TOC entry 224 (class 1259 OID 24592)
-- Name: tipo_evento_id_seq; Type: SEQUENCE; Schema: public; Owner: postgres
--

ALTER TABLE public.tipo_evento ALTER COLUMN id ADD GENERATED ALWAYS AS IDENTITY (
    SEQUENCE NAME public.tipo_evento_id_seq
    START WITH 1
    INCREMENT BY 1
    NO MINVALUE
    NO MAXVALUE
    CACHE 1
);


--
-- TOC entry 215 (class 1259 OID 16432)
-- Name: tipo_identificacion; Type: TABLE; Schema: public; Owner: postgres
--

CREATE TABLE public.tipo_identificacion (
    id integer NOT NULL,
    descripcion character varying(50)
);


ALTER TABLE public.tipo_identificacion OWNER TO postgres;

--
-- TOC entry 227 (class 1259 OID 24603)
-- Name: tipo_identificacion_id_seq; Type: SEQUENCE; Schema: public; Owner: postgres
--

ALTER TABLE public.tipo_identificacion ALTER COLUMN id ADD GENERATED BY DEFAULT AS IDENTITY (
    SEQUENCE NAME public.tipo_identificacion_id_seq
    START WITH 1
    INCREMENT BY 1
    NO MINVALUE
    NO MAXVALUE
    CACHE 1
);


--
-- TOC entry 220 (class 1259 OID 16497)
-- Name: users; Type: TABLE; Schema: public; Owner: postgres
--

CREATE TABLE public.users (
    nombre text,
    apellido text,
    email text,
    pwd text,
    id integer NOT NULL,
    rol_id integer,
    estado boolean
);


ALTER TABLE public.users OWNER TO postgres;

--
-- TOC entry 223 (class 1259 OID 24584)
-- Name: users_id_seq; Type: SEQUENCE; Schema: public; Owner: postgres
--

ALTER TABLE public.users ALTER COLUMN id ADD GENERATED ALWAYS AS IDENTITY (
    SEQUENCE NAME public.users_id_seq
    START WITH 1
    INCREMENT BY 1
    NO MINVALUE
    NO MAXVALUE
    CACHE 1
);


--
-- TOC entry 3679 (class 0 OID 16442)
-- Dependencies: 217
-- Data for Name: estudiantes; Type: TABLE DATA; Schema: public; Owner: postgres
--

INSERT INTO public.estudiantes (id, tipo_identificacion, num_identificacion, nombre, apellido, sexo_id, programa_id, facultad_id, id_carnet, email) VALUES (4, 1, 1033123123, 'Luis', 'Vargas', 1, 2, 1, '59,143,128,1,128,79,12,160,0,0,3,6,3,0,2,0,0,0,0,105', 'jhonyquinones1104@gmail.com');
INSERT INTO public.estudiantes (id, tipo_identificacion, num_identificacion, nombre, apellido, sexo_id, programa_id, facultad_id, id_carnet, email) VALUES (5, 1, 1033123124, 'Omar', 'Saavedra', 1, 2, 1, '59,143,128,1,128,79,12,160,0,0,3,6,3,0,1,0,0,0,0,106', 'jhonyquinones1104@gmail.com');


--
-- TOC entry 3680 (class 0 OID 16467)
-- Dependencies: 218
-- Data for Name: eventos; Type: TABLE DATA; Schema: public; Owner: postgres
--

INSERT INTO public.eventos (id, tipo_evento, descripcion, hora_inicio, hora_fin, dimension, horas_otorgadas) VALUES (2, 1, 'Ping pong', NULL, NULL, 50, 2);
INSERT INTO public.eventos (id, tipo_evento, descripcion, hora_inicio, hora_fin, dimension, horas_otorgadas) VALUES (3, 1, 'Gimnasio', NULL, NULL, 500, 1);
INSERT INTO public.eventos (id, tipo_evento, descripcion, hora_inicio, hora_fin, dimension, horas_otorgadas) VALUES (5, 2, 'Charla 1', '2021-11-10', '2021-11-10', 50, 1);
INSERT INTO public.eventos (id, tipo_evento, descripcion, hora_inicio, hora_fin, dimension, horas_otorgadas) VALUES (6, 2, 'Charla graduación', '2021-11-19', '2021-11-19', 50, 2);
INSERT INTO public.eventos (id, tipo_evento, descripcion, hora_inicio, hora_fin, dimension, horas_otorgadas) VALUES (7, 2, 'Evento prueba', '2022-01-28', '2022-01-28', 50, 1);
INSERT INTO public.eventos (id, tipo_evento, descripcion, hora_inicio, hora_fin, dimension, horas_otorgadas) VALUES (8, 2, 'Conferencia', '2022-02-24', '2022-02-24', 5, 1);


--
-- TOC entry 3681 (class 0 OID 16477)
-- Dependencies: 219
-- Data for Name: eventos_estudiante; Type: TABLE DATA; Schema: public; Owner: postgres
--

INSERT INTO public.eventos_estudiante (id, id_carnet, id_evento, id_estudiante, fecha_asistencia) VALUES (2, NULL, 2, 4, NULL);
INSERT INTO public.eventos_estudiante (id, id_carnet, id_evento, id_estudiante, fecha_asistencia) VALUES (3, NULL, 3, 4, '2021-11-03');
INSERT INTO public.eventos_estudiante (id, id_carnet, id_evento, id_estudiante, fecha_asistencia) VALUES (4, NULL, 5, 5, '2021-11-03');
INSERT INTO public.eventos_estudiante (id, id_carnet, id_evento, id_estudiante, fecha_asistencia) VALUES (5, NULL, 3, 5, '2021-11-03');
INSERT INTO public.eventos_estudiante (id, id_carnet, id_evento, id_estudiante, fecha_asistencia) VALUES (6, NULL, 3, 5, '2021-11-03');
INSERT INTO public.eventos_estudiante (id, id_carnet, id_evento, id_estudiante, fecha_asistencia) VALUES (7, NULL, 5, 5, '2021-11-03');
INSERT INTO public.eventos_estudiante (id, id_carnet, id_evento, id_estudiante, fecha_asistencia) VALUES (8, NULL, 5, 5, '2021-11-03');
INSERT INTO public.eventos_estudiante (id, id_carnet, id_evento, id_estudiante, fecha_asistencia) VALUES (9, NULL, 3, 5, '2021-11-03');
INSERT INTO public.eventos_estudiante (id, id_carnet, id_evento, id_estudiante, fecha_asistencia) VALUES (10, NULL, 3, 5, '2021-11-02');
INSERT INTO public.eventos_estudiante (id, id_carnet, id_evento, id_estudiante, fecha_asistencia) VALUES (11, NULL, 6, 4, '2021-11-17');


--
-- TOC entry 3675 (class 0 OID 16412)
-- Dependencies: 213
-- Data for Name: facultad; Type: TABLE DATA; Schema: public; Owner: postgres
--

INSERT INTO public.facultad (id, descripcion) VALUES (1, 'Ingeniería');
INSERT INTO public.facultad (id, descripcion) VALUES (2, 'Derecho');


--
-- TOC entry 3674 (class 0 OID 16407)
-- Dependencies: 212
-- Data for Name: jornada; Type: TABLE DATA; Schema: public; Owner: postgres
--

INSERT INTO public.jornada (id, descripcion) VALUES (1, 'Diurna');
INSERT INTO public.jornada (id, descripcion) VALUES (2, 'Nocturna');


--
-- TOC entry 3676 (class 0 OID 16417)
-- Dependencies: 214
-- Data for Name: programas; Type: TABLE DATA; Schema: public; Owner: postgres
--

INSERT INTO public.programas (id, descripcion, ciudad, facultad_id, jornada_id) VALUES (2, 'Ingeniería de sistemas', 'Bogotá', 1, 1);
INSERT INTO public.programas (id, descripcion, ciudad, facultad_id, jornada_id) VALUES (3, 'Ingeniería ambiental', 'Bogotá', 1, 2);


--
-- TOC entry 3684 (class 0 OID 24577)
-- Dependencies: 222
-- Data for Name: roles; Type: TABLE DATA; Schema: public; Owner: postgres
--

INSERT INTO public.roles (id, descripcion) OVERRIDING SYSTEM VALUE VALUES (1, 'admin');


--
-- TOC entry 3678 (class 0 OID 16437)
-- Dependencies: 216
-- Data for Name: sexo; Type: TABLE DATA; Schema: public; Owner: postgres
--

INSERT INTO public.sexo (id, descripcion) VALUES (1, 'Masculino');
INSERT INTO public.sexo (id, descripcion) VALUES (2, 'Femenino');


--
-- TOC entry 3672 (class 0 OID 16392)
-- Dependencies: 210
-- Data for Name: subtipo; Type: TABLE DATA; Schema: public; Owner: postgres
--



--
-- TOC entry 3673 (class 0 OID 16397)
-- Dependencies: 211
-- Data for Name: tipo; Type: TABLE DATA; Schema: public; Owner: postgres
--



--
-- TOC entry 3671 (class 0 OID 16387)
-- Dependencies: 209
-- Data for Name: tipo_beneficiario; Type: TABLE DATA; Schema: public; Owner: postgres
--



--
-- TOC entry 3687 (class 0 OID 24593)
-- Dependencies: 225
-- Data for Name: tipo_evento; Type: TABLE DATA; Schema: public; Owner: postgres
--

INSERT INTO public.tipo_evento (id, descripcion) OVERRIDING SYSTEM VALUE VALUES (1, 'Extracurricular');
INSERT INTO public.tipo_evento (id, descripcion) OVERRIDING SYSTEM VALUE VALUES (2, 'Comun');


--
-- TOC entry 3677 (class 0 OID 16432)
-- Dependencies: 215
-- Data for Name: tipo_identificacion; Type: TABLE DATA; Schema: public; Owner: postgres
--

INSERT INTO public.tipo_identificacion (id, descripcion) VALUES (1, 'CC');
INSERT INTO public.tipo_identificacion (id, descripcion) VALUES (2, 'CE');
INSERT INTO public.tipo_identificacion (id, descripcion) VALUES (3, 'Pasaporte');
INSERT INTO public.tipo_identificacion (id, descripcion) VALUES (4, 'TI');


--
-- TOC entry 3682 (class 0 OID 16497)
-- Dependencies: 220
-- Data for Name: users; Type: TABLE DATA; Schema: public; Owner: postgres
--

INSERT INTO public.users (nombre, apellido, email, pwd, id, rol_id, estado) OVERRIDING SYSTEM VALUE VALUES ('Omar', 'Saavedra', 'omar@ucc.edu.co', '1234', 2, 1, true);
INSERT INTO public.users (nombre, apellido, email, pwd, id, rol_id, estado) OVERRIDING SYSTEM VALUE VALUES ('Jhony', 'Quiñones', 'jhony@campusucc.edu.co', '1234', 1, 1, true);
INSERT INTO public.users (nombre, apellido, email, pwd, id, rol_id, estado) OVERRIDING SYSTEM VALUE VALUES ('David', 'Vargas', 'david@ucc.edu.co', '1234', 3, 1, false);


--
-- TOC entry 3702 (class 0 OID 0)
-- Dependencies: 232
-- Name: estudiantes_id_seq; Type: SEQUENCE SET; Schema: public; Owner: postgres
--

SELECT pg_catalog.setval('public.estudiantes_id_seq', 5, true);


--
-- TOC entry 3703 (class 0 OID 0)
-- Dependencies: 233
-- Name: eventos_estudiante_id_seq; Type: SEQUENCE SET; Schema: public; Owner: postgres
--

SELECT pg_catalog.setval('public.eventos_estudiante_id_seq', 11, true);


--
-- TOC entry 3704 (class 0 OID 0)
-- Dependencies: 226
-- Name: eventos_id_seq; Type: SEQUENCE SET; Schema: public; Owner: postgres
--

SELECT pg_catalog.setval('public.eventos_id_seq', 8, true);


--
-- TOC entry 3705 (class 0 OID 0)
-- Dependencies: 229
-- Name: facultad_id_seq; Type: SEQUENCE SET; Schema: public; Owner: postgres
--

SELECT pg_catalog.setval('public.facultad_id_seq', 2, true);


--
-- TOC entry 3706 (class 0 OID 0)
-- Dependencies: 231
-- Name: jornada_id_seq; Type: SEQUENCE SET; Schema: public; Owner: postgres
--

SELECT pg_catalog.setval('public.jornada_id_seq', 2, true);


--
-- TOC entry 3707 (class 0 OID 0)
-- Dependencies: 230
-- Name: programas_id_seq; Type: SEQUENCE SET; Schema: public; Owner: postgres
--

SELECT pg_catalog.setval('public.programas_id_seq', 3, true);


--
-- TOC entry 3708 (class 0 OID 0)
-- Dependencies: 221
-- Name: roles_id_seq; Type: SEQUENCE SET; Schema: public; Owner: postgres
--

SELECT pg_catalog.setval('public.roles_id_seq', 1, true);


--
-- TOC entry 3709 (class 0 OID 0)
-- Dependencies: 228
-- Name: sexo_id_seq; Type: SEQUENCE SET; Schema: public; Owner: postgres
--

SELECT pg_catalog.setval('public.sexo_id_seq', 2, true);


--
-- TOC entry 3710 (class 0 OID 0)
-- Dependencies: 224
-- Name: tipo_evento_id_seq; Type: SEQUENCE SET; Schema: public; Owner: postgres
--

SELECT pg_catalog.setval('public.tipo_evento_id_seq', 2, true);


--
-- TOC entry 3711 (class 0 OID 0)
-- Dependencies: 227
-- Name: tipo_identificacion_id_seq; Type: SEQUENCE SET; Schema: public; Owner: postgres
--

SELECT pg_catalog.setval('public.tipo_identificacion_id_seq', 4, true);


--
-- TOC entry 3712 (class 0 OID 0)
-- Dependencies: 223
-- Name: users_id_seq; Type: SEQUENCE SET; Schema: public; Owner: postgres
--

SELECT pg_catalog.setval('public.users_id_seq', 3, true);


--
-- TOC entry 3512 (class 2606 OID 24611)
-- Name: estudiantes estudiante_pkey; Type: CONSTRAINT; Schema: public; Owner: postgres
--

ALTER TABLE ONLY public.estudiantes
    ADD CONSTRAINT estudiante_pkey PRIMARY KEY (id);


--
-- TOC entry 3516 (class 2606 OID 16481)
-- Name: eventos_estudiante eventos_estudiante_pkey; Type: CONSTRAINT; Schema: public; Owner: postgres
--

ALTER TABLE ONLY public.eventos_estudiante
    ADD CONSTRAINT eventos_estudiante_pkey PRIMARY KEY (id);


--
-- TOC entry 3514 (class 2606 OID 16471)
-- Name: eventos eventos_pkey; Type: CONSTRAINT; Schema: public; Owner: postgres
--

ALTER TABLE ONLY public.eventos
    ADD CONSTRAINT eventos_pkey PRIMARY KEY (id);


--
-- TOC entry 3504 (class 2606 OID 16416)
-- Name: facultad facultad_pkey; Type: CONSTRAINT; Schema: public; Owner: postgres
--

ALTER TABLE ONLY public.facultad
    ADD CONSTRAINT facultad_pkey PRIMARY KEY (id);


--
-- TOC entry 3502 (class 2606 OID 16411)
-- Name: jornada jornada_pkey; Type: CONSTRAINT; Schema: public; Owner: postgres
--

ALTER TABLE ONLY public.jornada
    ADD CONSTRAINT jornada_pkey PRIMARY KEY (id);


--
-- TOC entry 3506 (class 2606 OID 16421)
-- Name: programas programas_pkey; Type: CONSTRAINT; Schema: public; Owner: postgres
--

ALTER TABLE ONLY public.programas
    ADD CONSTRAINT programas_pkey PRIMARY KEY (id);


--
-- TOC entry 3520 (class 2606 OID 24583)
-- Name: roles roles_pkey; Type: CONSTRAINT; Schema: public; Owner: postgres
--

ALTER TABLE ONLY public.roles
    ADD CONSTRAINT roles_pkey PRIMARY KEY (id);


--
-- TOC entry 3510 (class 2606 OID 16441)
-- Name: sexo sexo_pkey; Type: CONSTRAINT; Schema: public; Owner: postgres
--

ALTER TABLE ONLY public.sexo
    ADD CONSTRAINT sexo_pkey PRIMARY KEY (id);


--
-- TOC entry 3498 (class 2606 OID 16396)
-- Name: subtipo sub_tipo_pkey; Type: CONSTRAINT; Schema: public; Owner: postgres
--

ALTER TABLE ONLY public.subtipo
    ADD CONSTRAINT sub_tipo_pkey PRIMARY KEY (id);


--
-- TOC entry 3496 (class 2606 OID 16391)
-- Name: tipo_beneficiario tipo_beneficiario_pkey; Type: CONSTRAINT; Schema: public; Owner: postgres
--

ALTER TABLE ONLY public.tipo_beneficiario
    ADD CONSTRAINT tipo_beneficiario_pkey PRIMARY KEY (id);


--
-- TOC entry 3522 (class 2606 OID 24599)
-- Name: tipo_evento tipo_evento_pkey; Type: CONSTRAINT; Schema: public; Owner: postgres
--

ALTER TABLE ONLY public.tipo_evento
    ADD CONSTRAINT tipo_evento_pkey PRIMARY KEY (id);


--
-- TOC entry 3508 (class 2606 OID 16436)
-- Name: tipo_identificacion tipo_identificacion_pkey; Type: CONSTRAINT; Schema: public; Owner: postgres
--

ALTER TABLE ONLY public.tipo_identificacion
    ADD CONSTRAINT tipo_identificacion_pkey PRIMARY KEY (id);


--
-- TOC entry 3500 (class 2606 OID 16401)
-- Name: tipo tipo_pkey; Type: CONSTRAINT; Schema: public; Owner: postgres
--

ALTER TABLE ONLY public.tipo
    ADD CONSTRAINT tipo_pkey PRIMARY KEY (id);


--
-- TOC entry 3518 (class 2606 OID 24591)
-- Name: users users_pkey; Type: CONSTRAINT; Schema: public; Owner: postgres
--

ALTER TABLE ONLY public.users
    ADD CONSTRAINT users_pkey PRIMARY KEY (id);


--
-- TOC entry 3529 (class 2606 OID 16462)
-- Name: estudiantes estudiante_est_facultad_fkey; Type: FK CONSTRAINT; Schema: public; Owner: postgres
--

ALTER TABLE ONLY public.estudiantes
    ADD CONSTRAINT estudiante_est_facultad_fkey FOREIGN KEY (facultad_id) REFERENCES public.facultad(id);


--
-- TOC entry 3528 (class 2606 OID 16457)
-- Name: estudiantes estudiante_est_programas_fkey; Type: FK CONSTRAINT; Schema: public; Owner: postgres
--

ALTER TABLE ONLY public.estudiantes
    ADD CONSTRAINT estudiante_est_programas_fkey FOREIGN KEY (programa_id) REFERENCES public.programas(id);


--
-- TOC entry 3527 (class 2606 OID 16452)
-- Name: estudiantes estudiante_est_sexo_fkey; Type: FK CONSTRAINT; Schema: public; Owner: postgres
--

ALTER TABLE ONLY public.estudiantes
    ADD CONSTRAINT estudiante_est_sexo_fkey FOREIGN KEY (sexo_id) REFERENCES public.sexo(id);


--
-- TOC entry 3526 (class 2606 OID 16447)
-- Name: estudiantes estudiante_est_tipo_identificacion_fkey; Type: FK CONSTRAINT; Schema: public; Owner: postgres
--

ALTER TABLE ONLY public.estudiantes
    ADD CONSTRAINT estudiante_est_tipo_identificacion_fkey FOREIGN KEY (tipo_identificacion) REFERENCES public.tipo_identificacion(id);


--
-- TOC entry 3531 (class 2606 OID 24614)
-- Name: eventos_estudiante eventos_estudiante_ees_estudiante_fkey; Type: FK CONSTRAINT; Schema: public; Owner: postgres
--

ALTER TABLE ONLY public.eventos_estudiante
    ADD CONSTRAINT eventos_estudiante_ees_estudiante_fkey FOREIGN KEY (id_estudiante) REFERENCES public.estudiantes(id) NOT VALID;


--
-- TOC entry 3530 (class 2606 OID 16487)
-- Name: eventos_estudiante eventos_estudiante_ees_evento_fkey; Type: FK CONSTRAINT; Schema: public; Owner: postgres
--

ALTER TABLE ONLY public.eventos_estudiante
    ADD CONSTRAINT eventos_estudiante_ees_evento_fkey FOREIGN KEY (id_evento) REFERENCES public.eventos(id);


--
-- TOC entry 3524 (class 2606 OID 16422)
-- Name: programas programas_pro_facultad_fkey; Type: FK CONSTRAINT; Schema: public; Owner: postgres
--

ALTER TABLE ONLY public.programas
    ADD CONSTRAINT programas_pro_facultad_fkey FOREIGN KEY (facultad_id) REFERENCES public.facultad(id);


--
-- TOC entry 3525 (class 2606 OID 16427)
-- Name: programas programas_pro_jornada_fkey; Type: FK CONSTRAINT; Schema: public; Owner: postgres
--

ALTER TABLE ONLY public.programas
    ADD CONSTRAINT programas_pro_jornada_fkey FOREIGN KEY (jornada_id) REFERENCES public.jornada(id);


--
-- TOC entry 3523 (class 2606 OID 16402)
-- Name: tipo tipo_tip_id_fkey; Type: FK CONSTRAINT; Schema: public; Owner: postgres
--

ALTER TABLE ONLY public.tipo
    ADD CONSTRAINT tipo_tip_id_fkey FOREIGN KEY (id) REFERENCES public.subtipo(id);


-- Completed on 2022-05-20 15:43:33 -05

--
-- PostgreSQL database dump complete
--

